{
    "containers": {
        "C1": [
            382.5,
            99.37999725341797,
            500.0
        ],
        "C2": [
            609.3800048828125,
            187.5,
            500.0
        ]
    },
    "aruco_pixels": {}
}